{"coco/bbox_mAP": 0.6, "coco/bbox_mAP_50": 0.892, "coco/bbox_mAP_75": 0.73, "coco/bbox_mAP_s": 0.318, "coco/bbox_mAP_m": 0.629, "coco/bbox_mAP_l": -1.0, "data_time": 2.849685505816811, "time": 3.537792117972123}