{"coco/bbox_mAP": 0.609, "coco/bbox_mAP_50": 0.9, "coco/bbox_mAP_75": 0.751, "coco/bbox_mAP_s": 0.339, "coco/bbox_mAP_m": 0.637, "coco/bbox_mAP_l": -1.0, "data_time": 2.9902411762036776, "time": 5.063443924251356}