{"coco/bbox_mAP": 0.598, "coco/bbox_mAP_50": 0.895, "coco/bbox_mAP_75": 0.736, "coco/bbox_mAP_s": 0.34, "coco/bbox_mAP_m": 0.623, "coco/bbox_mAP_l": -1.0, "data_time": 2.82815452625877, "time": 3.4702035125933195}