{"coco/bbox_mAP": 0.601, "coco/bbox_mAP_50": 0.901, "coco/bbox_mAP_75": 0.742, "coco/bbox_mAP_s": 0.335, "coco/bbox_mAP_m": 0.626, "coco/bbox_mAP_l": -1.0, "data_time": 2.7954932890440287, "time": 3.4754177143699243}