{"coco/bbox_mAP": 0.605, "coco/bbox_mAP_50": 0.896, "coco/bbox_mAP_75": 0.745, "coco/bbox_mAP_s": 0.322, "coco/bbox_mAP_m": 0.632, "coco/bbox_mAP_l": -1.0, "data_time": 2.875284659235101, "time": 3.559450312664634}