{"coco/bbox_mAP": 0.577, "coco/bbox_mAP_50": 0.885, "coco/bbox_mAP_75": 0.698, "coco/bbox_mAP_s": 0.309, "coco/bbox_mAP_m": 0.605, "coco/bbox_mAP_l": -1.0, "data_time": 2.7697089220348157, "time": 4.175645677666915}